id,project_name,lon,lat,laccPriority,-- SELECT A METRIC --,Population,-- URBAN WATER SOURCES --,Groundwater (%),Surface Water (%),Desalination/Other (%),-- WATER QUALITY RISK --,Annual Phosphorous Yield Category,Annual Phosphorous Yield (kg/km^2),Annual Sediment Yield Category,Annual Sediment Yield (tons/km^2),-- WATER QUALITY OPPORTUNITY --,Return on Investment Category,Return on Investment,Forest Protection: Phosphorous Category,Forest Protection (ha): Phosphorous,Forest Protection: Sediment Category,Forest Protection (ha): Sediment,Reforestation: Phosphorous Category,Reforestation (ha): Phosphorous,Reforestation: Sediment Category,Reforestation (ha): Sediment,Riparian Restoration: Phosphorous Category,Riparian Restoration (ha): Phosphorous,Riparian Restoration: Sediment Category,Riparian Restoration (ha): Sediment,-- FLOOD MITIGATION --,Riverine Flood Mitigation City Ranking Category,Riverine Flood Mitigation City Ranking,Urban Population Exposed to Riverine Flooding,Opportunity to Mitigate Riverine Flooding,Shape (unitless),Slope (degrees),Area (km2),Drainage Density (km/km2),Flood Discharge Sensitivity (unitless),Preserve Infiltration (unitless),Increase Infiltration (%),Preserve Riparian Buffer (%),Disconnect Effective Impervious Area (km2),Preserve Wetland Storage (%),Increase Wetland Storage (%),Stormwater Flood Mitigation City Ranking,Final Ranking,Relative storm intensity (# annual dry days/(kg/m2)/yr ),Soil Permeability (unitless),Percent Open Space (unitless),Distribution of Open Space (unitless),City Slope Score (unitless),default
A_select_kludge,-- Select City --,-37.0533981,-10.92,0,0,0,0,0,0,0,0,0,0,0,0,0,0,0,0,0,0,0,0,0,0,0,0,0,0,0,0,,,0,,,,,,,,,,,,,0,,,,,,,0
city01,Aracaju,-37.0533981,-10.92,No,0,828768,0,25,75,0,0,High,1.97,High,254,0,Unlikely Scope,IS,Unlikely Scope,IS,Unlikely Scope,IS,Unlikely Scope,IS,Unlikely Scope,IS,Unlikely Scope,IS,Unlikely Scope,IS,0,,,IS,,,,,,,,,,,,,IS,,,,,,,1
city02,Asunción,-57.6338997,-25.29,No,0,2417403,0,0,100,0,0,Low,0,Medium,26,0,Unlikely Scope,IS,Unlikely Scope,IS,Unlikely Scope,IS,Unlikely Scope,IS,Unlikely Scope,IS,Unlikely Scope,IS,Unlikely Scope,IS,0,very high,10,4378,3.263516127,1.385227496,1.5106616,3212.948835,0.125897077,0.023626853,84.2300568,0.94304436,,0,0.809225179,62.26923077,44,10.53,4.97,3.53,0,0.38,4,1
city03,Barcelona,-64.680603,10.14,No,0,272690,0,0,100,0,0,High,0.63,High,1065,0,High,44.531,Medium Potential,79.4,Medium Potential,61,High Potential,0.2,Unlikely Scope,IS,High Potential,2.36,High Potential,0.2,0,low ,48,235906,2.175508238,1.539206133,5.14670845,2665.016998,0.124555224,0.001244945,83.78377949,0.398212631,92.99819554,71.28444029,2.175716596,65.08397721,47,9.3,3.94,2.3,2,0.39,1,1
city04,Barquisimeto,-69.4063034,10.07,Priority,0,1365458,0,25,75,0,0,High,23.26,High,2355,0,High,2.802,Unlikely Scope,IS,Low Potential,231.1,High Potential,2.3,Unlikely Scope,IS,High Potential,2.55,Unlikely Scope,IS,0,low ,51,23738,2.227130748,1.673228305,5.058223073,2172.193529,0.192883704,0.266850659,68.02481563,0.425294501,93.56233454,373.3446007,0.809118195,10.61412678,28,12.1,5.16,2.1,3,0.45,3,1
city05,Barranquilla,-74.7919998,10.99,No,0,2045207,0,0,100,0,0,Low,0,High,339,0,Low,0.003,Low Potential,74074.5,Low Potential,41913.1,Low Potential,2472.6,Unlikely Scope,IS,Unlikely Scope,IS,Low Potential,3766.6,0,low ,45,437547,2.270355235,1.847187027,6.722959284,240872.4091,0.168256674,0.204581228,75.38534086,0.81366005,99.96648477,275.2210532,4.439757149,81.43858519,55,8.19,3.67,3.19,1,0.39,0,1
city06,Belém,-48.3843002,-1.39,No,0,2199552,0,25,75,0,0,High,5.01,Low,20,0,High,20.821,Unlikely Scope,IS,Unlikely Scope,IS,Unlikely Scope,IS,High Potential,0.36,Low Potential,121.17,Low Potential,105.8,0,low to none,61,381572,1.940428755,2.064852956,0.628435223,21884.29445,0.075718244,0.064361928,88.94752893,0.174419057,91.12941107,11.68289657,5.136143812,16.73658283,29,12.04,31.74,3.04,2,0.47,0,1
city07,Belo Horizonte,-43.9399986,-19.93,Priority,0,5818829,0,0,100,0,0,High,2.98,High,756,0,Medium,0.248,Unlikely Scope,IS,Unlikely Scope,IS,Medium Potential,38.8,Medium Potential,67.08,Unlikely Scope,IS,Unlikely Scope,IS,0,low to none,65,91887,1.982896211,1.646317949,3.9635875,15015.78025,0.140669831,0.011154668,88.3397675,0.626434182,97.31970447,696.9203818,0.486487573,112.6488706,11,14.89,7.41,3.89,3,0.43,3,1
city08,Bogotá,-74.0777969,4.62,Priority,0,9649723,0,0,100,0,0,High,3.38,High,299,0,High,8.292,Medium Potential,34.8,Medium Potential,12.7,High Potential,1.3,Unlikely Scope,IS,Unlikely Scope,IS,Unlikely Scope,IS,0,low to none,66,26902,2.097199999,1.758816489,6.0403061,4982.793101,0.160504339,0.001741665,76.5682449,0.559946752,99.97663927,22.4223616,0.290398984,161.5065653,15,14.06,11.92,3.06,2,0.57,1,1
city09,Brasília,-47.911499,-15.79,Priority,0,4248641,0,0,100,0,0,High,2.05,High,418,0,Medium,0.864,Unlikely Scope,IS,Unlikely Scope,IS,Unlikely Scope,IS,Unlikely Scope,IS,Unlikely Scope,IS,Medium Potential,18.9,0,low to none,68,5372,1.882513335,1.910259057,2.226316,4565.32204,0.146016608,0.253193722,87.0472336,0.652528951,97.08722653,434.97841,0.049941624,86.84210526,6,15,9,3,4,0.45,3,1
city10,Bucaramanga,-73.1183014,7.09,Priority,0,1231948,0,0,100,0,0,High,1.27,High,887,0,High,100.096,Unlikely Scope,IS,Low Potential,129.9,High Potential,0.6,Unlikely Scope,IS,High Potential,2.04,High Potential,0.1,0,very high,8,12847,3.256103712,1.28235991,12.4072065,1754.998832,0.164835334,0,85.3597641,0.42095852,100,0,0.208547009,87.15846995,41,10.81,7.11,3.81,1,0.5,0,1
city11,Buenos Aires,-58.3917999,-34.59,No,0,14150653,0,4,96,0,0,Low,0.01,Medium,138,0,Low,0.009,Unlikely Scope,IS,Unlikely Scope,IS,Unlikely Scope,IS,Unlikely Scope,IS,Low Potential,7911.56,Low Potential,1795.3,0,low ,42,1670263,2.224305379,1.756793888,0.232812413,3322.850952,0.108909842,0.319403801,85.83478759,1.093145275,87.99018322,655.02574,5.59336863,139.4330704,52,8.73,3.8,2.73,2,0.42,0,1
city12,Cali,-76.5230026,3.45,No,0,2665415,0,0,100,0,0,High,0.85,High,7158,0,Low,0.083,Unlikely Scope,IS,Unlikely Scope,IS,Low Potential,340.2,Unlikely Scope,IS,Low Potential,481.85,Low Potential,195.7,0,high,23,156112,2.469895729,1.533308137,8.2191858,12876.8128,0.19568838,0.007434458,70.3435135,1.385977259,99.9749134,51.43550579,0.938043628,108.2043215,9,14.92,9.23,2.92,2,0.59,3,1
city13,Campinas,-47.0536003,-22.91,Priority,0,3054344,0,0,100,0,0,High,0.23,High,722,0,Medium,0.504,Unlikely Scope,IS,Unlikely Scope,IS,Medium Potential,12.9,Unlikely Scope,IS,Unlikely Scope,IS,Medium Potential,91.8,0,low to none,63,135295,2.085926914,1.654553142,3.6249592,13454.9466,0.140798212,0.005584054,85.4960327,0.982086974,98.97756837,448.0333725,1.837532516,145.360783,2,18.82,9.54,3.82,4,0.53,4,1
city14,Caracas,-66.9083023,10.5,Priority,0,3518023,0,0,100,0,0,High,5.74,High,1210,0,Medium,0.4,Unlikely Scope,IS,Unlikely Scope,IS,Medium Potential,25.4,Unlikely Scope,IS,Unlikely Scope,IS,Unlikely Scope,IS,0,Medium,29,1439064,2.381397448,1.509311556,9.679330545,3726.112251,0.154022932,0.122880267,73.91616265,0.17834407,97.68923038,254.3524446,12.64034969,9.870860542,66,6.27,4.61,2.27,1,0.37,0,1
city15,Cartagena,-75.4287033,10.35,No,0,1092338,0,0,100,0,0,High,0.54,Medium,177,0,Unlikely Scope,IS,Unlikely Scope,IS,Unlikely Scope,IS,Unlikely Scope,IS,Unlikely Scope,IS,Unlikely Scope,IS,Unlikely Scope,IS,0,very high,4,613920,3.223428104,1.658673632,1.058019393,276.5049192,0.086491456,0.003202537,88.66780618,0.614926806,100,0,18.18335485,43.47085767,60,7.41,4.64,3.41,1,0.37,0,1
city16,Concepción,-73.0501022,-36.82,No,0,823065,0,47,53,0,0,Medium,0.03,High,1710,0,Low,0.015,Low Potential,786.8,Low Potential,1001.8,Low Potential,1889.3,Unlikely Scope,IS,Low Potential,726.13,Unlikely Scope,IS,0,very high,3,681774,3.155445003,1.807608142,3.400719317,547.6684356,0.077106808,0.034518825,89.14807662,0.254786703,100,0,29.71041138,57.9193071,51,8.96,3.43,3.96,1,0.32,2,1
city17,Córdoba,-64.183333,-31.42,No,0,1654039,0,0,100,0,0,Medium,0.21,High,961,0,Unlikely Scope,IS,Unlikely Scope,IS,Unlikely Scope,IS,Unlikely Scope,IS,Unlikely Scope,IS,Unlikely Scope,IS,Unlikely Scope,IS,0,Medium,36,116764,2.375544578,1.429749266,2.9342787,6509.254565,0.147992251,0.040276337,79.6442184,1.380345268,98.20884552,423.2523554,1.036677018,314.1671606,37,11,2.66,2,2,0.42,4,1
city18,Cúcuta,-72.5351028,7.89,No,0,861690,0,0,100,0,0,Medium,0.09,High,2034,0,High,12.287,Low Potential,507.4,Low Potential,116.2,High Potential,0.5,Unlikely Scope,IS,Unlikely Scope,IS,Unlikely Scope,IS,0,very high,12,520,3.007991134,1.696138224,13.03521229,4566.898077,0.150087942,0.002290549,80.08070033,0.386450407,99.99981309,0.036666242,0.463985294,5.602737591,46,9.8,8.59,2.8,2,0.44,0,1
city19,Curitiba,-49.2645988,-25.46,Priority,0,3467587,0,0,100,0,0,High,3.67,High,325,0,High,51.815,Medium Potential,42.9,High Potential,3.1,High Potential,0.2,High Potential,0.62,Unlikely Scope,IS,Unlikely Scope,IS,0,low ,47,271083,2.20239725,1.356453762,1.5893564,3946.77276,0.147651762,0.002060867,87.7720032,0.421297779,93.51447429,1216.044459,5.471042176,28.25452693,4,17.59,12.61,3.59,3,0.52,4,1
city20,Florianópolis,-48.5931015,-27.59,No,0,1172257,0,0,100,0,0,High,0.33,High,1749,0,High,1.142,Low Potential,121.8,Low Potential,207.3,High Potential,5.8,High Potential,4.57,Unlikely Scope,IS,Unlikely Scope,IS,0,very high,6,218496,3.460357313,1.498093638,4.532826835,44.85068377,0.034210181,0.274636517,89.55843072,0.308502526,100,0,39.49923198,79.49561649,30,12,10.87,4,1,0.38,2,1
city21,Fortaleza,-38.5265007,-3.73,No,0,3878369,0,0,100,0,0,High,6.08,High,597,0,Unlikely Scope,IS,Unlikely Scope,IS,Unlikely Scope,IS,Unlikely Scope,IS,Unlikely Scope,IS,Unlikely Scope,IS,Unlikely Scope,IS,0,low to none,58,1190749,2.045817364,1.704712544,1.789783889,600.4527403,0.118338521,0.007770197,91.2302748,0.376259865,89.93333104,131.0736542,5.227580035,112.4860607,31,12,6.78,4,2,0.48,0,1
city22,Goiânia,-49.2874985,-16.71,Priority,0,2281808,0,25,75,0,0,High,0.29,High,550,0,Medium,0.219,Unlikely Scope,IS,Unlikely Scope,IS,Unlikely Scope,IS,Unlikely Scope,IS,Low Potential,139.08,Medium Potential,64.3,0,low ,52,21027,2.16216787,1.474921858,2.4911516,5347.890807,0.136382505,0.008325059,86.9412689,0.950246771,98.3976072,261.5314058,0.132201427,189.8161245,5,17,9.33,3,3,0.58,4,1
city23,Grande Vitória,-40.2980003,-20.3,Priority,0,1816111,0,0,100,0,0,Medium,0.14,High,533,0,Medium,0.254,Low Potential,570,Low Potential,414.3,Unlikely Scope,IS,Unlikely Scope,IS,Medium Potential,51.42,Unlikely Scope,IS,0,high,20,383424,2.82555319,1.707731272,2.665039962,1127.852977,0.072997748,0.454662077,86.31687975,0.347457391,99.74034364,5.918898469,12.40133856,33.44167959,8,15,6.84,3,2,0.5,4,1
city24,Guadalajara,-103.3499985,20.68,No,0,4868678,0,32,68,0,0,High,0.47,Medium,113,0,Low,0.017,Unlikely Scope,IS,Low Potential,456.3,Low Potential,1570,Low Potential,955.18,Unlikely Scope,IS,Unlikely Scope,IS,0,Medium,40,103,2.298000518,2.066682368,3.354584289,65011.68932,0.159412674,0.078971359,66.70935849,0.744279582,99.65595115,1097.865683,7.936071682,47.07164886,40,10.84,3.39,1.84,3,0.46,2,1
city25,Guatemala City,-90.5926971,14.59,Priority,0,1362206,0,50,50,0,0,High,2.1,High,1107,0,High,1.682,Low Potential,201.1,Medium Potential,26.2,High Potential,2.5,Medium Potential,32.35,Unlikely Scope,IS,Unlikely Scope,IS,0,high,22,339091,2.607249565,1.487907571,7.313629418,654.2022643,0.152358604,0.075213452,57.44972995,0.225282089,87.3344562,205.3029738,12.16642472,3.293017948,54,8.45,16.17,1.45,1,0.38,1,1
city26,Guayana City,-62.5782013,8.3,No,0,610514,0,0,100,0,0,Low,0,Medium,57,0,Medium,0.937,Unlikely Scope,IS,Low Potential,3628.8,High Potential,5.8,Low Potential,664.56,Unlikely Scope,IS,Unlikely Scope,IS,0,Medium,35,233304,2.424558598,2.00680903,2.5256579,940354.6446,0.170726051,0.003961092,78.19478,2.868580562,99.96751375,123.2277786,7.247398671,43.27915731,42,14.27,4.22,2.27,3,0.52,4,1
city27,Guayaquil,-79.9061966,-2.2,No,0,2375062,0,0,100,0,0,Medium,0.06,High,330,0,Medium,0.105,Unlikely Scope,IS,Unlikely Scope,IS,Low Potential,439.2,Unlikely Scope,IS,Low Potential,885.37,Low Potential,147.4,0,Medium,30,1424401,2.341601504,1.84058134,1.943481415,5894.336637,0.171566507,0.036996425,74.00684018,1.353168165,99.94325813,29.9499178,11.8413262,38.56270775,14,10.65,5.31,1.65,1,0.44,4,1
city28,Havana,-82.3797989,23.13,No,0,2071462,0,25,75,0,0,High,6.79,High,1598,0,Medium,0.686,Unlikely Scope,IS,Unlikely Scope,IS,High Potential,1.8,Unlikely Scope,IS,Unlikely Scope,IS,Unlikely Scope,IS,0,low ,43,849122,2.235866513,1.531031677,1.022432335,148.682757,0.10366044,0.200544363,83.94363705,0.818874399,63.8301684,63.94213482,2.66528107,211.7192721,45,10.13,5.59,2.13,2,0.48,0,1
city29,João Pessoa,-34.9734001,-7.12,Priority,0,1204214,0,25,75,0,0,High,16.54,Medium,87,0,Medium,0.946,Unlikely Scope,IS,Unlikely Scope,IS,Unlikely Scope,IS,Unlikely Scope,IS,Medium Potential,12.39,Unlikely Scope,IS,0,high,25,77515,2.709635536,1.630784301,0.876049006,8481.376508,0.062338489,0.005676145,90.31836279,0.470286719,99.95185539,23.9763963,4.508410392,95.93424294,32,12,16.17,4,2,0.45,0,1
city30,Juárez,-106.4660034,31.66,No,0,1381701,0,100,0,0,0,Not Applicable,IS,Not Applicable,IS,0,Unlikely Scope,IS,Unlikely Scope,IS,Unlikely Scope,IS,Unlikely Scope,IS,Unlikely Scope,IS,Unlikely Scope,IS,Unlikely Scope,IS,0,low to none,60,416362,1.961758411,1.895591488,1.4897513,6491.37049,0.173427929,0.021003767,75.7484207,0.068671003,99.43821208,275.5075976,3.594294043,80.58460483,13,14.39,0.65,1.39,4,0.59,4,1
city31,La Paz,-68.1517029,-16.51,No,0,1887079,0,0,100,0,0,High,3.26,High,6158,0,Unlikely Scope,IS,Unlikely Scope,IS,Unlikely Scope,IS,Unlikely Scope,IS,Unlikely Scope,IS,Unlikely Scope,IS,Unlikely Scope,IS,0,Medium,38,4764,2.451153765,1.381234829,10.73233234,831.5220403,0.154189377,0.230710773,71.42721731,0.945138819,74.93689962,593.5754558,1.191026602,190.6363823,48,9,2.22,1,3,0.64,0,1
city32,León,-101.677002,21.13,No,0,1813209,0,100,0,0,0,Not Applicable,IS,Not Applicable,IS,0,Unlikely Scope,IS,Unlikely Scope,IS,Unlikely Scope,IS,Unlikely Scope,IS,Unlikely Scope,IS,Unlikely Scope,IS,Unlikely Scope,IS,0,Medium,39,2041,2.300527673,1.682687425,3.4035625,2869.849094,0.194381311,0.015981094,66.8165512,0.843992529,98.90275375,245.5226177,0.039722917,94.73684211,27,12.29,2.4,1.29,3,0.55,3,1
city33,Lima,-77.0610962,-12.08,No,0,9843168,0,12,88,0,0,Medium,0.12,High,1151,0,Unlikely Scope,IS,Unlikely Scope,IS,Unlikely Scope,IS,Unlikely Scope,IS,Unlikely Scope,IS,Unlikely Scope,IS,Unlikely Scope,IS,0,low ,44,551378,2.168164328,2.44801496,6.090657072,1102.33252,0.093798561,0.004309508,79.91055918,0.72994835,88.47278822,196.3062282,6.928643428,28.35422241,63,6.85,0.35,1.85,2,0.46,0,1
city34,Maceió,-35.8404999,-9.54,Priority,0,1268292,0,0,100,0,0,High,636.5,High,618,0,High,5.252,Unlikely Scope,IS,Unlikely Scope,IS,Unlikely Scope,IS,Unlikely Scope,IS,Medium Potential,12.85,High Potential,2.3,0,Medium,33,338595,2.409248235,1.932445162,1.415106462,1482.238367,0.073153711,0.036428672,86.31865132,1.071829744,79.20074371,16.33281831,11.0498636,133.4998113,20,13,16.2,3,1,0.37,4,1
city35,Managua,-86.2587967,12.15,No,0,1058344,0,20,80,0,0,Medium,0.1,High,692,0,Low,0.017,Unlikely Scope,IS,Unlikely Scope,IS,Low Potential,228.4,Unlikely Scope,IS,Low Potential,593.77,Unlikely Scope,IS,0,,,IS,,,,,,,,,,,,,IS,,,,,,,1
city36,Manaus,-59.9688988,-3.07,No,0,2043390,0,2,98,0,0,Low,0,Low,13,0,Low,0.001,Unlikely Scope,IS,Low Potential,4303.4,Unlikely Scope,IS,Unlikely Scope,IS,Unlikely Scope,IS,Unlikely Scope,IS,0,Medium,32,518999,2.394456429,2.53447726,1.2269769,749449.4209,0.164292619,0.036314486,75.5523,3.344074133,99.98325528,19.60050347,5.77893656,8.6255853,1,19.4,19.99,3.4,4,0.62,4,1
city37,Maracaibo,-71.759697,10.68,Priority,0,2522082,0,0,100,0,0,High,0.33,High,677,0,Medium,0.36,Medium Potential,91.8,Medium Potential,20.4,Unlikely Scope,IS,Unlikely Scope,IS,Unlikely Scope,IS,Unlikely Scope,IS,0,very high,5,323748,2.981046123,1.646054976,0.537641629,68.85315122,0.069200126,0.006685774,86.88927297,0.391107052,99.61333871,3.681265287,12.5851666,480.6941918,39,10.88,2.39,3.88,2,0.66,0,1
city38,Maracay,-67.5948029,10.24,No,0,1221942,0,38,62,0,0,High,0.53,High,689,0,Unlikely Scope,IS,Unlikely Scope,IS,Unlikely Scope,IS,Unlikely Scope,IS,Unlikely Scope,IS,Unlikely Scope,IS,Unlikely Scope,IS,0,high,27,35743,2.587993678,1.413251881,9.580645192,1001.827211,0.188758931,0.04028357,81.48896612,0.265917025,95.89085791,396.0672745,7.469924316,26.03368375,65,6.69,4.93,2.69,1,0.37,0,1
city39,Medellín,-75.5746994,6.25,Priority,0,4076215,0,25,75,0,0,High,0.43,High,1017,0,High,2.702,Low Potential,329.7,Low Potential,134.2,High Potential,6.3,Unlikely Scope,IS,Medium Potential,24.38,High Potential,6.2,0,low ,54,12905,2.187752117,1.9086345,7.0198817,3819.111972,0.153895542,0.00391023,65.7341995,0.774415911,99.91108065,125.5951142,0.187216388,39.44055944,58,7.77,17.32,1.77,1,0.35,0,1
city40,Mendoza,-68.8410034,-32.89,No,0,1020982,0,50,50,0,0,Low,0,High,1880,0,Unlikely Scope,IS,Unlikely Scope,IS,Unlikely Scope,IS,Unlikely Scope,IS,Unlikely Scope,IS,Unlikely Scope,IS,Unlikely Scope,IS,0,,,IS,,,,,,,,,,,,,IS,,,,,,,1
city41,Mérida,-89.5708008,21,No,0,1123376,0,100,0,0,0,Not Applicable,IS,Not Applicable,IS,0,Unlikely Scope,IS,Unlikely Scope,IS,Unlikely Scope,IS,Unlikely Scope,IS,Unlikely Scope,IS,Unlikely Scope,IS,Unlikely Scope,IS,0,very high,9,7488,3.445132788,2.004582903,0.115841536,1344.472489,0.171484153,0.00071625,50.24055134,0.378225166,99.45557113,11.49782921,5.649284706,5.332429399,57,8,3.81,1,2,0.47,0,1
city42,Mexico City,-99.1312027,19.42,No,0,21705580,0,81,19,0,0,Not Applicable,IS,Not Applicable,IS,0,Unlikely Scope,IS,Unlikely Scope,IS,Unlikely Scope,IS,Unlikely Scope,IS,Unlikely Scope,IS,Unlikely Scope,IS,Unlikely Scope,IS,0,low to none,57,2107270,2.152725961,1.667761742,3.26353585,7739.1554,0.17781606,0.002506272,72.57702317,0.344724146,94.96182895,1132.238098,3.476543373,17.67471003,12,14.65,3.91,1.65,4,0.59,3,1
city43,Monterrey,-100.3069992,25.7,Priority,0,4654829,0,50,50,0,0,Medium,0.15,High,665,0,Medium,0.255,Unlikely Scope,IS,Medium Potential,53,Medium Potential,23.8,Unlikely Scope,IS,Unlikely Scope,IS,Unlikely Scope,IS,0,Medium,34,272135,2.288356937,1.704251624,5.8848572,21822.06993,0.193814048,0.01121907,65.5046844,0.288859647,99.68572633,183.3823575,7.501008157,4.693103301,33,11.9,2.02,1.9,3,0.54,2,1
city44,Montevideo,-56.167099,-34.87,No,0,1730656,0,0,100,0,0,Medium,0.08,Medium,183,0,Unlikely Scope,IS,Unlikely Scope,IS,Unlikely Scope,IS,Unlikely Scope,IS,Unlikely Scope,IS,Unlikely Scope,IS,Unlikely Scope,IS,0,high,21,368203,2.89172918,2.009912738,0.645480781,169.6947608,0.02715478,0.178387981,85.27886586,0.890485726,98.66881379,8.071871391,14.96944986,93.01084681,67,6,4.39,2,1,0.33,0,1
city45,Natal,-35.2533989,-5.89,No,0,1453978,0,33,67,0,0,High,4.87,Medium,29,0,Unlikely Scope,IS,Unlikely Scope,IS,Unlikely Scope,IS,Unlikely Scope,IS,Unlikely Scope,IS,Unlikely Scope,IS,Unlikely Scope,IS,0,low to none,64,99839,2.042343981,1.990744362,1.695440285,3938.595138,0.159453996,0.04836465,87.54584156,0.959692763,97.33578003,14.15999277,0.942857756,267.0456858,21,13,6.84,4,3,0.49,0,1
city46,Panama City,-79.5367966,8.96,No,0,1584657,0,0,100,0,0,Low,0.01,High,859,0,Medium,0.155,Unlikely Scope,IS,Unlikely Scope,IS,Unlikely Scope,IS,Unlikely Scope,IS,Medium Potential,12.39,Unlikely Scope,IS,0,high,17,956631,2.576110079,1.609796113,2.152207781,123.2320508,0.090631529,0.047124641,80.06481098,0.433560361,73.95254016,39.87521414,11.57376642,19.211583,19,13.66,21.37,1.66,2,0.38,4,1
city47,Porto Alegre,-51.2216988,-30.03,No,0,4113009,0,0,100,0,0,High,9,High,2857,0,Unlikely Scope,IS,Unlikely Scope,IS,Unlikely Scope,IS,Unlikely Scope,IS,Unlikely Scope,IS,Unlikely Scope,IS,Unlikely Scope,IS,0,high,16,1196336,2.776981018,1.762045667,2.608483144,16526.22675,0.107601123,0.069165923,85.70343406,1.510619953,99.35707633,13.92078962,6.722745901,164.3091299,22,13,8.11,4,1,0.36,4,1
city48,Puebla de Zaragoza,-98.2895966,19.15,No,0,2503377,0,100,0,0,0,Not Applicable,IS,Not Applicable,IS,0,Unlikely Scope,IS,Unlikely Scope,IS,Unlikely Scope,IS,Unlikely Scope,IS,Unlikely Scope,IS,Unlikely Scope,IS,Unlikely Scope,IS,0,low ,50,111253,2.176606905,1.72446959,3.4951346,6862.307533,0.191881449,0.023930585,70.2877731,0.478673011,99.42509109,165.0328104,2.410121353,7.473245057,17,13.89,3.81,1.89,3,0.48,4,1
city49,Querétaro,-100.4229965,20.65,No,0,1306139,0,33,33,33,0,Not Applicable,IS,Not Applicable,IS,0,Low,0.009,Unlikely Scope,IS,Low Potential,445.6,Unlikely Scope,IS,Low Potential,509.76,Unlikely Scope,IS,Unlikely Scope,IS,0,low ,55,269,2.262967487,1.566910211,2.8749635,2867.215613,0.184427007,0.040939307,69.9161072,0.524157329,99.87453591,35.70264169,0.213409959,39.54248366,18,13.83,2.36,1.83,4,0.48,4,1
city50,Quito,-78.4973984,-0.2,Priority,0,1738937,0,3,98,0,0,High,2.19,High,1756,0,High,2.002,Unlikely Scope,IS,Unlikely Scope,IS,Unlikely Scope,IS,Unlikely Scope,IS,Unlikely Scope,IS,High Potential,7,0,very high,13,389,3.296944391,1.486134611,8.5917959,4729.943445,0.159646074,0.0166521,75.3475876,0.955370468,100,0,0.196407988,4.520990312,25,12.75,7.23,1.75,4,0.55,0,1
city51,Recife,-34.8897018,-8.06,Priority,0,3939253,0,0,100,0,0,High,9.4,High,978,0,High,2.655,Unlikely Scope,IS,Unlikely Scope,IS,Unlikely Scope,IS,Unlikely Scope,IS,Medium Potential,44.51,High Potential,6.6,0,Medium,31,1153131,2.350204838,1.987816253,1.850576093,3776.973301,0.129066811,0.019914711,83.94891575,1.288641217,95.4216607,56.45916639,5.370412543,235.9525939,10,14.91,19.97,3.91,1,0.43,4,1
city52,Rio de Janeiro,-43.1941986,-22.91,Priority,0,12380355,0,0,100,0,0,Medium,0.13,High,1358,0,Medium,0.46,Unlikely Scope,IS,Unlikely Scope,IS,Medium Potential,28,Unlikely Scope,IS,Unlikely Scope,IS,Unlikely Scope,IS,0,Medium,28,4129906,2.298070905,1.674556581,4.557748172,686.44928,0.106515944,0.080378352,90.71656193,0.208597962,79.04500485,117.5532777,14.81302202,62.46635813,34,11.87,6.47,3.87,2,0.39,1,1
city53,Rosario,-60.6837006,-32.99,No,0,1365084,0,14,86,0,0,Low,0.01,High,261,0,Unlikely Scope,IS,Unlikely Scope,IS,Unlikely Scope,IS,Unlikely Scope,IS,Unlikely Scope,IS,Unlikely Scope,IS,Unlikely Scope,IS,0,low to none,59,807022,1.86172215,2.487568831,1.7845036,3827764.299,0.147340357,0.30561697,82.9598694,0.862704227,99.92107599,11806.63526,6.892705152,35.01453739,64,6.78,3.38,2.78,2,0.37,0,1
city54,Salvador,-38.5112991,-12.98,Priority,0,4506290,0,0,100,0,0,High,0.23,Medium,75,0,High,3.133,High Potential,7.8,Unlikely Scope,IS,Low Potential,794.4,High Potential,2.76,Unlikely Scope,IS,Unlikely Scope,IS,0,high,15,1443046,2.617755953,1.89697282,0.900472412,145.8980518,0.025743685,0.395397317,92.71759872,0.155997035,92.63397129,3.801773092,15.36010591,41.33831797,23,13,17.8,4,3,0.45,0,1
city55,San José,-84.0768967,9.93,Priority,0,1704468,0,25,75,0,0,High,1.18,High,14185,0,Medium,0.487,Medium Potential,73.4,Medium Potential,22.7,High Potential,7.8,Unlikely Scope,IS,Medium Potential,24.38,Medium Potential,11.7,0,very high,7,14080,3.355267901,1.581599813,8.064395378,1064.362926,0.157554449,0.101225665,69.02029297,1.280092601,99.84276136,19.26373373,20.65771402,17.74810118,56,8.06,28.84,2.06,0,0.37,1,1
city56,San Juan,-66.0585022,18.41,No,0,2475123,0,0,100,0,0,High,0.77,High,2772,0,Low,0.086,Low Potential,191.7,Medium Potential,62.8,Unlikely Scope,IS,Unlikely Scope,IS,Medium Potential,29.83,Unlikely Scope,IS,0,very high,1,2443023,2.973965974,1.764234809,3.313623726,271.3743178,0.127380266,0.042066435,79.33601029,1.021822,95.77803134,16.90034823,28.6803897,249.7876391,43,10.56,14.53,2.56,1,0.37,2,1
city57,San Luis Potosí,-100.8710022,22.14,No,0,1143767,0,98,2,0,0,Not Applicable,IS,Not Applicable,IS,0,Unlikely Scope,IS,Unlikely Scope,IS,Unlikely Scope,IS,Unlikely Scope,IS,Unlikely Scope,IS,Unlikely Scope,IS,Unlikely Scope,IS,0,Medium,41,16,2.303831754,1.378881422,3.2640402,1356.3275,0.195887469,0,73.2796402,0.325614727,98.0109047,106.7763644,0.190955075,16.21621622,38,11,1.06,2,0,0.69,4,1
city58,San Salvador,-89.2166977,13.75,No,0,1739642,0,50,50,0,0,High,0.31,High,402,0,Low,0.046,Low Potential,1183.7,Low Potential,151.9,Low Potential,402.8,Low Potential,232.55,Low Potential,156.9,Medium Potential,53.4,0,high,24,116082,2.473521704,2.135127532,5.722860979,7132.752709,0.167728305,0.003265661,57.788004,1.626257104,98.77281013,166.2510914,4.969047086,39.97643792,61,7.04,8.99,1.04,0,0.25,2,1
city59,Santa Cruz,-63.1570015,-17.79,No,0,1965373,0,100,0,0,0,Not Applicable,IS,Not Applicable,IS,0,Unlikely Scope,IS,Unlikely Scope,IS,Unlikely Scope,IS,Unlikely Scope,IS,Unlikely Scope,IS,Unlikely Scope,IS,Unlikely Scope,IS,0,low ,53,15657,2.275857176,1.797685873,6.3746696,4454.702689,0.141798229,0.02583068,73.9030685,1.633097413,98.29842475,24.2227597,0.387904042,446.3541667,62,7,3.42,3,1,0.46,0,1
city60,Santiago,-70.653801,-33.45,Priority,0,6354952,0,15,85,0,0,High,4.05,High,25382,0,Medium,0.268,Unlikely Scope,IS,Unlikely Scope,IS,Medium Potential,38.9,Unlikely Scope,IS,Unlikely Scope,IS,Unlikely Scope,IS,0,Medium,37,88079,2.346796192,1.55651417,13.9713345,24375.73088,0.125389521,0.00763847,72.8616333,1.335417772,98.08023149,1463.878873,1.667883667,111.55549,35,11.84,1.33,1.84,4,0.53,2,1
city61,Santo Domingo,-69.911499,18.48,No,0,2358764,0,32,68,0,0,High,0.9,High,2731,0,Low,0.08,Low Potential,149.2,Medium Potential,53.2,Unlikely Scope,IS,Unlikely Scope,IS,Medium Potential,32.01,Unlikely Scope,IS,0,high,14,1629788,2.54981713,1.650779965,2.660218482,2333.790653,0.171108708,0.099501894,79.85497165,1.259394457,98.92098226,87.71698524,6.58656759,335.5176651,36,11.2,5.35,2.2,2,0.36,4,1
city62,Santos,-46.3348999,-23.95,Priority,0,1768318,0,0,100,0,0,Low,0,High,3806,0,High,5.984,Unlikely Scope,IS,Unlikely Scope,IS,High Potential,1.2,Unlikely Scope,IS,Unlikely Scope,IS,Unlikely Scope,IS,0,low to none,67,5771,1.997322904,1.689462156,3.7182777,1903.950788,0.13938706,0,86.115036,0.795923142,99.12834928,83.00496922,0.040967463,0,16,14,8.01,3,2,0.55,2,1
city63,São Luís,-44.2317009,-2.58,No,0,1436909,0,22,78,0,0,Medium,0.09,Medium,34,0,Unlikely Scope,IS,Unlikely Scope,IS,Unlikely Scope,IS,Unlikely Scope,IS,Unlikely Scope,IS,Unlikely Scope,IS,Unlikely Scope,IS,0,low ,46,280603,2.225349113,1.621707491,0.610554906,68.24816556,0.046669331,0.046376238,91.0692625,0.140118226,90.24978837,11.53445575,13.54627291,24.69472523,7,15,14.51,4,3,0.65,0,1
city64,São Paulo,-46.6436996,-23.58,Priority,0,21028372,0,0,100,0,0,Medium,0.14,High,1535,0,High,3.016,Unlikely Scope,IS,Medium Potential,33.6,High Potential,4.3,Unlikely Scope,IS,Unlikely Scope,IS,Medium Potential,14.8,0,low to none,56,6738124,1.743520856,2.120594035,3.854874931,11112.58267,0.135216018,0,85.46033927,0.364487959,84.54587091,7277.787666,0.008391481,0,3,18,10.44,3,4,0.46,4,1
city65,Tegucigalpa,-87.2011032,14.1,No,0,1256531,0,1,99,0,0,High,2.71,High,1773,0,Medium,0.122,Unlikely Scope,IS,Medium Potential,23,Medium Potential,15.5,Unlikely Scope,IS,Medium Potential,15.21,Unlikely Scope,IS,0,very high,11,1454,4.203426758,1.25996123,6.6692929,911.0178817,0.152490946,0.050399638,54.8812027,2.854843595,100,0,1.324891487,53.68682684,49,9,6.11,1,1,0.56,0,1
city66,Teresina,-42.8154984,-5.09,No,0,968065,0,0,100,0,0,Low,0,Low,16,0,Unlikely Scope,IS,Unlikely Scope,IS,Unlikely Scope,IS,Unlikely Scope,IS,Unlikely Scope,IS,Unlikely Scope,IS,Unlikely Scope,IS,0,,,IS,,,,,,,,,,,,,IS,,,,,,,1
city67,Tijuana,-117.0279999,32.41,Priority,0,2061496,0,5,95,0,0,Low,0.000983652,Low,22.51988501,0,Low,0.000173609,Unlikely Scope,IS,Low Potential,52707.22184,Low Potential,9712.25471,Unlikely Scope,IS,Unlikely Scope,IS,Unlikely Scope,IS,0,high,18,647869,2.5471339,1.672888009,4.332899931,2995.299976,0.190048407,0.015872503,61.21156171,0.616084417,99.67260407,36.83561582,5.624973169,17.56103932,50,9,1.14,1,1,0.59,2,1
city68,Toluca,-99.597702,19.3,Priority,0,1928525,0,13,88,0,0,High,0.95,High,731,0,Medium,0.179,Low Potential,325.9,Medium Potential,20.9,Medium Potential,19.9,Medium Potential,33.53,Unlikely Scope,IS,Unlikely Scope,IS,0,high,26,76384,2.633783125,1.300182283,3.8143651,2244.485756,0.206133692,0.013201212,63.5378609,0.572013749,98.6289266,248.2136238,5.361128832,23.80121333,26,12.56,4,1.56,2,0.53,4,1
city69,Torreón,-103.3939972,25.63,No,0,1344439,0,100,0,0,0,Not Applicable,IS,Not Applicable,IS,0,Unlikely Scope,IS,Unlikely Scope,IS,Unlikely Scope,IS,Unlikely Scope,IS,Unlikely Scope,IS,Unlikely Scope,IS,Unlikely Scope,IS,0,low ,49,161595,2.280034764,2.467961281,4.438476405,34213.8185,0.186058925,0.004337068,64.30970875,0.735355577,99.97747679,16.62182724,1.37540159,75.11684763,68,5.67,0.54,1.67,0,0.53,0,1
city70,Valencia,-67.995697,10.16,No,0,2040623,0,13,87,0,0,High,2.56,High,896,0,Unlikely Scope,IS,Unlikely Scope,IS,Unlikely Scope,IS,Unlikely Scope,IS,Unlikely Scope,IS,Unlikely Scope,IS,Unlikely Scope,IS,0,low to none,62,250919,2.076381558,1.862272848,5.398403392,2056.40107,0.180307345,0.020492518,81.50678851,0.366118543,94.74194033,637.2365388,14.02816874,55.57476532,53,8.54,4.69,2.54,1,0.39,1,1
city71,Valparaíso,-71.6200027,-33.05,No,0,930616,0,98,2,0,0,Not Applicable,IS,Not Applicable,IS,0,Unlikely Scope,IS,Unlikely Scope,IS,Unlikely Scope,IS,Unlikely Scope,IS,Unlikely Scope,IS,Unlikely Scope,IS,Unlikely Scope,IS,0,high,19,404947,2.921756047,1.729582574,6.381751358,2683.916661,0.166233647,0.00225726,88.69178066,0.296472289,97.64738561,43.1599079,24.54659894,18.13270795,59,7.54,1.14,3.54,1,0.33,1,1
